{"cameraMode":{"drawMode":0,"name":"Shaded","section":"Shading Mode"},"sceneLighting":false,"audioPlay":false,"sceneViewState":{"m_AlwaysRefresh":false,"showFog":true,"showSkybox":true,"showFlares":true,"showImageEffects":true,"showParticleSystems":true,"showVisualEffectGraphs":true,"m_FxEnabled":true},"in2DMode":false,"pivot":{"x":4.95989465713501,"y":12.208142280578614,"z":9.097210884094239},"rotation":{"x":-0.055036190897226337,"y":0.073046013712883,"z":-0.0039283111691474918,"w":-0.9958792328834534},"size":14.139697074890137,"orthographic":false}