{"cameraMode":{"drawMode":0,"name":"Shaded","section":"Shading Mode"},"sceneLighting":false,"audioPlay":false,"sceneViewState":{"m_AlwaysRefresh":false,"showFog":true,"showSkybox":true,"showFlares":true,"showImageEffects":true,"showParticleSystems":true,"showVisualEffectGraphs":true,"m_FxEnabled":true},"in2DMode":false,"pivot":{"x":3.1418704986572267,"y":19.278573989868165,"z":-22.168411254882814},"rotation":{"x":0.03270164504647255,"y":0.007215132936835289,"z":0.000039007358282106,"w":0.9995955228805542},"size":3.2657108306884767,"orthographic":false}