{"cameraMode":{"drawMode":0,"name":"Shaded","section":"Shading Mode"},"sceneLighting":false,"audioPlay":false,"sceneViewState":{"m_AlwaysRefresh":false,"showFog":true,"showSkybox":true,"showFlares":true,"showImageEffects":true,"showParticleSystems":true,"showVisualEffectGraphs":true,"m_FxEnabled":true},"in2DMode":false,"pivot":{"x":-0.6074107885360718,"y":13.926661491394043,"z":6.764436721801758},"rotation":{"x":-0.0060004969127476219,"y":-0.007201317697763443,"z":-8.454500175503199e-7,"w":1.0000193119049073},"size":12.769454956054688,"orthographic":false}