{"cameraMode":{"drawMode":0,"name":"Shaded","section":"Shading Mode"},"sceneLighting":false,"audioPlay":false,"sceneViewState":{"m_AlwaysRefresh":false,"showFog":true,"showSkybox":true,"showFlares":true,"showImageEffects":true,"showParticleSystems":true,"showVisualEffectGraphs":true,"m_FxEnabled":true},"in2DMode":false,"pivot":{"x":2.8688747882843019,"y":22.630996704101564,"z":-21.83742904663086},"rotation":{"x":-0.019800402224063875,"y":0.0012056425912305713,"z":0.00028439483139663935,"w":0.9999613761901856},"size":8.600746154785157,"orthographic":false}