{"cameraMode":{"drawMode":0,"name":"Shaded","section":"Shading Mode"},"sceneLighting":false,"audioPlay":false,"sceneViewState":{"m_AlwaysRefresh":false,"showFog":true,"showSkybox":true,"showFlares":true,"showImageEffects":true,"showParticleSystems":true,"showVisualEffectGraphs":true,"m_FxEnabled":true},"in2DMode":false,"pivot":{"x":-1.6691300868988038,"y":29.030162811279298,"z":2.252082109451294},"rotation":{"x":0.2497265636920929,"y":0.03920459374785423,"z":-0.010136183351278305,"w":0.9675012826919556},"size":5.558716297149658,"orthographic":false}