{"cameraMode":{"drawMode":0,"name":"Shaded","section":"Shading Mode"},"sceneLighting":false,"audioPlay":false,"sceneViewState":{"m_AlwaysRefresh":false,"showFog":true,"showSkybox":true,"showFlares":true,"showImageEffects":true,"showParticleSystems":true,"showVisualEffectGraphs":true,"m_FxEnabled":true},"in2DMode":false,"pivot":{"x":1.905848741531372,"y":18.771867752075197,"z":-22.322429656982423},"rotation":{"x":0.07134474068880081,"y":-0.08844103664159775,"z":0.006622864864766598,"w":0.993658185005188},"size":3.2657108306884767,"orthographic":false}