{"cameraMode":{"drawMode":0,"name":"Shaded","section":"Shading Mode"},"sceneLighting":false,"audioPlay":false,"sceneViewState":{"m_AlwaysRefresh":false,"showFog":true,"showSkybox":true,"showFlares":true,"showImageEffects":true,"showParticleSystems":true,"showVisualEffectGraphs":true,"m_FxEnabled":true},"in2DMode":false,"pivot":{"x":-0.2807018756866455,"y":21.91351318359375,"z":4.842271327972412},"rotation":{"x":-0.2230914682149887,"y":-0.015801064670085908,"z":-0.0035783378407359125,"w":0.9747265577316284},"size":1.2370282411575318,"orthographic":false}