{"cameraMode":{"drawMode":0,"name":"Shaded","section":"Shading Mode"},"sceneLighting":false,"audioPlay":false,"sceneViewState":{"m_AlwaysRefresh":false,"showFog":true,"showSkybox":false,"showFlares":true,"showImageEffects":true,"showParticleSystems":true,"showVisualEffectGraphs":true,"m_FxEnabled":true},"in2DMode":false,"pivot":{"x":-11.160070419311524,"y":-0.2895774841308594,"z":-2.1023402214050295},"rotation":{"x":0.033343177288770679,"y":-0.7417294979095459,"z":0.03697678819298744,"w":0.6688703894615173},"size":12.461819648742676,"orthographic":false}