{"cameraMode":{"drawMode":0,"name":"Shaded","section":"Shading Mode"},"sceneLighting":false,"audioPlay":false,"sceneViewState":{"m_AlwaysRefresh":false,"showFog":true,"showSkybox":false,"showFlares":true,"showImageEffects":true,"showParticleSystems":true,"showVisualEffectGraphs":true,"m_FxEnabled":true},"in2DMode":false,"pivot":{"x":-19.936433792114259,"y":-0.7917041778564453,"z":-4.636410713195801},"rotation":{"x":0.01501588337123394,"y":-0.7524252533912659,"z":0.017168300226330758,"w":0.6583226323127747},"size":14.800824165344239,"orthographic":false}